{
  "class": "Image.SheetOfLight.Model",
  "data":
  {
    "FileVersion": 1,
    "CurrentState": "CALIBRATED",
    "SkewMode": "XZ_NOT_IN_LIGHT_PLANE",
    "CalibrationError": 0.00158592122373820,
    "CalibrationErrorMax": 0.00627411102388226,
    "AlignmentError": 1.79769313486231574e+308,
    "AlignmentErrorMax": 1.79769313486231574e+308,
    "FocalLength": 10000,
    "SensorSize": 
    {
      "x": 2560,
      "y": 832
    },
    "LensCenter": 
    {
      "x": 1.27975094986060639e+03,
      "y": 270.05775902272955590
    },
    "Skew": 
    {
      "x": 0,
      "y": 1,
      "z": 0
    },
    "Homography":
    [ [99.59351226949291913, 13.76305217730501517, 9.67445513637045451],  [-0.28909182578954633, 121.13960859977531470, 0.68370907446693269],  [0.00228078121122739, 1.12375475670496061, 1]
    ],
    "Pose":
    [ [1, 0, 0, 0],  [0, 1, 0, 0],  [0, 0, 1, 0],  [0, 0, 0, 1]
    ],
    "LensCoefficients": [-0.34946379367207129, 8.26730874172944751, 0, 0, 0, -1.82707354224294871e-04, 0.00409788122021433]
  }
}